Specification,beta,SE,p,Observations,Countries
Panel A: Total economic WUE,,,,,
Main model,0.08533864445452954,0.02880633919191902,0.003051564685928158,1086,142
World Bank regional effects,0.053999484680793346,0.024936530372526213,0.03035116969021565,1086,142
Balanced panel,0.06801446978786055,0.031943905456240436,0.033238995102787675,1016,127
Excluding low population countries,0.08168813227283966,0.029050573315110514,0.004924546334127069,1046,137
Excluding lower and upper 1% of WUE observations,0.08781483462402395,0.028377235013568747,0.0019711025571927518,1064,140
Controlling for general scientific publication capacity,0.08871498246150648,0.027618817690123264,0.0013175889914217795,1086,142
Panel B: Industrial WUE,,,,,
Main model,0.15647801232028918,0.04181114751819811,0.00018220212827709675,1086,142
World Bank regional effects,0.10953386471926194,0.04005631276742726,0.0062475675930705,1086,142
Balanced panel,0.14309318553479505,0.0477287560863799,0.0027171330923094657,1016,127
Excluding low population countries,0.14616774440070446,0.043344191362936345,0.0007455489590749283,1046,137
Excluding China,0.15726387701861042,0.04177736562428294,0.00016699485064773,1078,141
Excluding AI observations coded as zero,0.17493096942725261,0.0429864881177623,4.712610799697636e-05,1038,141
Excluding countries with any zero AI year,0.17925075963463566,0.04441137574036895,5.43366025721809e-05,943,123
Controlling for general scientific publication capacity,0.15656238913615528,0.04185670825582623,0.0001837004328641008,1086,142
Controlling for general scientific publication capacity and R&D expenditure,0.20901039184884201,0.0547166065636622,0.00013352135646627213,636,107
Controlling for general scientific publication capacity and R&D researcher intensity,0.20475557650035353,0.060649379963590266,0.0007353350874286073,568,100
Excluding the industry share control,0.14699941012528847,0.04569042139696327,0.0012940698971164691,1086,142
Excluding agriculture and industry share controls,0.14578786586876932,0.04554737751667802,0.0013704850180380312,1086,142
