Variable,N,Mean,SD,Minimum,Maximum
ln(Economic WUE),1086,2.91516491379329,1.4362844009413007,-1.3093333199837622,7.240549330796283
ln(1 + AI articles per million),1086,2.5329950647149064,1.7961510912389356,0.0,6.197816280335639
Baseline water stress,1086,1.9961660284235727,1.5853426606515222,0.0,5.0
ln(GDP per capita),1086,8.72534801761298,1.4114498498906898,5.93400921970131,11.61614172076635
Agriculture share of GDP (%),1086,9.90837773951427,9.419701711608914,0.18387226965198164,43.988088956412255
Industry share of GDP (%),1086,27.502914977033097,9.80802220914913,2.0863020184691,78.89952807928267
Urbanization (%),1086,62.01594592006315,20.927463149604865,15.9634281867266,100.0
Internet use (%),1086,62.299607663883634,27.95277499964935,4.322800159,100.0
Trade openness (%),1086,82.87973741672003,48.045563969283116,15.281669890346109,412.1771699241749
